{
"lengthUnit": "mil",
"components": {
	"fields": ["COMPONENT_NO", "COMPONENT_NAME", "LAYER", "X_COORDINATE", "Y_COORDINATE", "ANGLE"],
	"rows": [
		[1, "PAD1", "T", 1616.72, -528.65, 0],
		[2, "PAD1", "B", 1616.72, -528.65, 0],
		[3, "PAD2", "T", 1616.72, -430.23, 0],
		[4, "PAD2", "B", 1616.72, -430.23, 0],
		[5, "PAD3", "T", 1616.72, -233.38, 0],
		[6, "PAD3", "B", 1616.72, -233.38, 0],
		[7, "PAD4", "T", 1616.72, -36.53, 0],
		[8, "PAD4", "B", 1616.72, -36.53, 0],
		[9, "PAD5", "T", 1518.29, -528.65, 0],
		[10, "PAD5", "B", 1518.29, -528.65, 0],
		[11, "PAD6", "T", 1518.29, -331.8, 0],
		[12, "PAD6", "B", 1518.29, -331.8, 0],
		[13, "PAD7", "T", 1518.29, -233.38, 0],
		[14, "PAD7", "B", 1518.29, -233.38, 0],
		[15, "PAD8", "T", 1518.29, -134.95, 0],
		[16, "PAD8", "B", 1518.29, -134.95, 0],
		[17, "PAD9", "T", 1202, -451, 0],
		[18, "PAD10", "T", 1126, -378, 0],
		[19, "PAD11", "T", 1050, -304, 0],
		[20, "PAD12", "T", 979, -227, 0],
		[21, "PAD13", "T", 903, -155, 0],
		[22, "PAD14", "T", 835, -87, 0],
		[23, "PAD15", "T", 764, -20, 0],
		[24, "PAD16", "T", 323, -465, 0],
		[25, "PAD17", "T", 393, -537, 0],
		[26, "PAD18", "T", 943, 135, 0],
		[27, "PAD19", "T", 1016, 67, 0],
		[28, "PAD20", "T", 1086, -3, 0],
		[29, "PAD21", "T", 1154, -67, 0],
		[30, "PAD22", "T", 1296, 145, 0],
		[31, "PAD23", "T", 1123, 312, 0],
		[32, "PAD24", "T", 1205, 235, 0],
		[33, "PAD25", "T", 1125, -829, 0],
		[34, "PAD26", "T", 888, 84, 0],
		[35, "PAD27", "T", 963, 7, 0],
		[36, "PAD28", "T", 1033.64, -53.65, 0],
		[37, "PAD29", "T", 1099, -122, 0],
		[38, "PAD30", "T", 1325, -361, 0],
		[39, "PAD31", "T", 1255, -295, 0],
		[40, "PAD32", "T", 1392, -293, 0],
		[41, "PAD33", "T", 1323, -223, 0]
	]
},
"pins": {
	"fields": ["PIN_NO", "PIN_NAME", "PIN_X", "PIN_Y", "LAYER", "PIN_TYPE", "NET_NAME", "NET_TYPE", "PAD_SHAPE", "PAD_SIZEX", "PAD_SIZEY", "HOLE_SIZE", "PAD_ANGLE"],
	"rows": [
		[1, "PAD1_LCLK", 1616.72, -528.65, "T", "DIP", "LCLK", "", "C", 78.74, 78.74, 62.99, 90],
		[2, "PAD1_LCLK", 1616.72, -528.65, "B", "DIP", "LCLK", "", "C", 78.74, 78.74, 62.99, 90],
		[3, "PAD2_LFR16AB", 1616.72, -430.23, "T", "DIP", "LFR16AB", "", "C", 78.74, 78.74, 62.99, 90],
		[4, "PAD2_LFR16AB", 1616.72, -430.23, "B", "DIP", "LFR16AB", "", "C", 78.74, 78.74, 62.99, 90],
		[5, "PAD3_7", 1616.72, -233.38, "T", "DIP", "7", "", "C", 78.74, 78.74, 62.99, 90],
		[6, "PAD3_7", 1616.72, -233.38, "B", "DIP", "7", "", "C", 78.74, 78.74, 62.99, 90],
		[7, "PAD4_11", 1616.72, -36.53, "T", "DIP", "11", "", "C", 78.74, 78.74, 62.99, 90],
		[8, "PAD4_11", 1616.72, -36.53, "B", "DIP", "11", "", "C", 78.74, 78.74, 62.99, 90],
		[9, "PAD5_GND2", 1518.29, -528.65, "T", "DIP", "GND2", "", "C", 78.74, 78.74, 62.99, 90],
		[10, "PAD5_GND2", 1518.29, -528.65, "B", "DIP", "GND2", "", "C", 78.74, 78.74, 62.99, 90],
		[11, "PAD6_5V", 1518.29, -331.8, "T", "DIP", "5V", "", "C", 78.74, 78.74, 62.99, 90],
		[12, "PAD6_5V", 1518.29, -331.8, "B", "DIP", "5V", "", "C", 78.74, 78.74, 62.99, 90],
		[13, "PAD7_8", 1518.29, -233.38, "T", "DIP", "8", "", "C", 78.74, 78.74, 62.99, 90],
		[14, "PAD7_8", 1518.29, -233.38, "B", "DIP", "8", "", "C", 78.74, 78.74, 62.99, 90],
		[15, "PAD8_10", 1518.29, -134.95, "T", "DIP", "10", "", "C", 78.74, 78.74, 62.99, 90],
		[16, "PAD8_10", 1518.29, -134.95, "B", "DIP", "10", "", "C", 78.74, 78.74, 62.99, 90],
		[17, "PAD9_D0", 1202, -451, "T", "SMD", "DO", "", "O", 78.74, 118.11, 0, 315],
		[18, "PAD10_LFR16", 1126, -378, "T", "SMD", "LFR16", "", "O", 78.74, 118.11, 0, 315],
		[19, "PAD11_LCLK", 1050, -304, "T", "SMD", "LCLK", "", "O", 78.74, 118.11, 0, 315],
		[20, "PAD12_77", 979, -227, "T", "SMD", "77", "", "O", 78.74, 118.11, 0, 315],
		[21, "PAD13_88", 903, -155, "T", "SMD", "88", "", "O", 78.74, 118.11, 0, 315],
		[22, "PAD14_100", 835, -87, "T", "SMD", "100", "", "O", 78.74, 118.11, 0, 315],
		[23, "PAD15_111", 764, -20, "T", "SMD", "111", "", "O", 78.74, 118.11, 0, 315],
		[24, "PAD16_5V", 323, -465, "T", "SMD", "5V", "", "O", 78.74, 118.11, 0, 315],
		[25, "PAD17_GND2", 393, -537, "T", "SMD", "GND2", "", "O", 78.74, 118.11, 0, 315],
		[26, "PAD18_11", 943, 135, "T", "SMD", "11", "", "R", 59.06, 59.06, 0, 135],
		[27, "PAD19_10", 1016, 67, "T", "SMD", "10", "", "R", 59.06, 59.06, 0, 135],
		[28, "PAD20_8", 1086, -3, "T", "SMD", "8", "", "R", 59.06, 59.06, 0, 135],
		[29, "PAD21_7", 1154, -67, "T", "SMD", "7", "", "R", 59.06, 59.06, 0, 135],
		[30, "PAD22_D0", 1296, 145, "T", "SMD", "DO", "", "R", 78.74, 78.74, 0, 135],
		[31, "PAD23_LFR16", 1123, 312, "T", "SMD", "LFR16", "", "R", 78.74, 78.74, 0, 135],
		[32, "PAD24_LFR16AB", 1205, 235, "T", "SMD", "LFR16AB", "", "R", 78.74, 78.74, 0, 135],
		[33, "PAD25_LED5V", 1125, -829, "T", "SMD", "LED5V", "", "O", 78.74, 118.11, 0, 45],
		[34, "PAD26_111", 888, 84, "T", "SMD", "111", "", "R", 60, 60, 0, 135],
		[35, "PAD27_100", 963, 7, "T", "SMD", "100", "", "R", 59.06, 59.06, 0, 135],
		[36, "PAD28_88", 1033.64, -53.65, "T", "SMD", "88", "", "R", 59.06, 59.06, 0, 135],
		[37, "PAD29_77", 1099, -122, "T", "SMD", "77", "", "R", 59.06, 59.06, 0, 135],
		[38, "PAD30_LED5V", 1325, -361, "T", "SMD", "LED5V", "", "R", 78.74, 78.74, 0, 135],
		[39, "PAD31_LEDOUT", 1255, -295, "T", "SMD", "LEDOUT+", "", "R", 78.74, 78.74, 0, 135],
		[40, "PAD32_GND2", 1392, -293, "T", "SMD", "GND2", "", "R", 78.74, 78.74, 0, 135],
		[41, "PAD33_LEDIN", 1323, -223, "T", "SMD", "LEDOUT+", "", "R", 78.74, 78.74, 0, 135]
	]
}
}